site,translated_site
FL - Gainsville Porta Serve,FL - Gainsville Porta Serve
SC - Littlejohn,SC - Littlejohn
FL - Premier & Prestigious,FL - Southwest FL
TN - MC Septic,TN - MC Septic
TX - ACP,TX - ACP
NY - A - John,NY - A - John
Cards Trial Group,NY - A - John
TN - FusionSite (Clark),TN - FusionSite (Nashville Combined)
GA -PSI Augusta,GA/SC - PSI
NY - A - 1 Portable Toilets,NY - A - John
VA - R&R,VA - R&R
PA - Port A Bowl,PA - Port A Bowl
NC -  ASC,NC -  ASC
TN - ETP ,TN - ETP
WI - Stranders,WI - Stranders
NC - Denver,NC -  ASC
TN - FusionSite (Woodycrest),TN - FusionSite (Nashville Combined)
OH - Rent - A - John,OH - Rent - A - John
FL - Freedom,FL - Freedom
AR - Fay,AR - Fay
AR - Little Rock,AR - Little Rock
TN - Memphis - Safety Quip,TN - Memphis - Safety Quip
GA - GCI,GA - GCI
NC - Griffin Hook trucks,NC - Griffin
TN - FusionSite (Nashville),TN - FusionSite (Nashville Combined)
MS - Gotta Go,MS - Gotta Go
OH - C&L and Safeway,OH - C&L and Safeway
NC - Griffin Waste Pump Trucks,NC - Griffin
KY - Bullitt Sep. Service,KY - Bullitt Sep. Service
KY - moon portables,KY - Moon
SC - PSI Columbia,GA/SC - PSI
KY - Lex,KY - Lex
NC - Greensboro,NC -  ASC
FL - JW Craft,FL - Southwest FL
KY - Moon leasing,KY - Moon
PA - Malvern,PA - Port A Bowl
KY - Moon Minis,KY - Moon
TN - Chattanooga -Bolles,TN - Chattanooga -Bolles
WI - Buckys,WI - Buckys
IA - Cedar Rapids,IA - Cedar Rapids
TX - Forza,TX - Forza
Lubbock HD ,TX - Forza
SAN ANGELO- TOPS SEPTIC,TX - Forza
KERMIT,TX - Forza
LUBBOCK,TX - Forza
SEMINOLE,TX - Forza
Goldthwaite,TX - Forza
MS - American Johnny,MS - American Johnny
TN - Maxwell Septic,TN - Maxwell Septic
TX - J Bar,TX - J Bar
